NO,방송사,제목,방영일,요일,회차,시청률,종합 순위,장르,장르별 순위,방송시작시간,방송종료시간,방송시간,,,
1 ,채널A,성적을 부탁해 티처스2,2024.9.1,일,24 ,1.339%,14 ,예능,6 ,19:50,21:00,1:10,,,
2 ,채널A,성적을 부탁해 티처스2,2024.8.25,일,23 ,1.048%,26 ,예능,10 ,19:50,21:00,1:10,,,
3 ,채널A,성적을 부탁해 티처스2,2024.8.18,일,22 ,0.994%,27 ,예능,11 ,19:50,21:00,1:10,,,
4 ,채널A,성적을 부탁해 티처스2,2024.8.11,일,21 ,1.081%,26 ,예능,7 ,19:50,21:00,1:10,,,
5 ,채널A,성적을 부탁해 티처스2,2024.8.4,일,20 ,1.223%,23 ,예능,9 ,19:50,21:00,1:10,,,
6 ,채널A,성적을 부탁해 티처스2,2024.7.28,일,19 ,1.443%,13 ,예능,5 ,19:50,21:00,1:10,,,
7 ,채널A,성적을 부탁해 티처스2,2024.7.21,일,18 ,0.825%,32 ,예능,14 ,19:50,21:00,1:10,,,
8 ,채널A,성적을 부탁해 티처스2,2024.7.14,일,17 ,1.008%,27 ,예능,11 ,19:50,21:00,1:10,,,
9 ,채널A,성적을 부탁해 티처스2,2024.7.7,일,16 ,1.123%,25 ,예능,10 ,19:50,21:00,1:10,,,
10 ,채널A,성적을 부탁해 티처스2,2024.6.30,일,15 ,1.056%,27 ,예능,13 ,19:50,21:00,1:10,,,
11 ,채널A,절친 토큐멘터리 4인용식탁,2024.8.26,월,51 ,1.777%,17 ,기타,8 ,20:10,21:10,1:00,,,
12 ,채널A,절친 토큐멘터리 4인용식탁,2024.8.19,월,50 ,1.689%,15 ,기타,6 ,20:10,21:10,1:00,,,
13 ,채널A,절친 토큐멘터리 4인용식탁,2024.8.12,월,49 ,1.925%,16 ,기타,7 ,20:10,21:10,1:00,,,
14 ,채널A,절친 토큐멘터리 4인용식탁,2024.8.5,월,48 ,1.399%,22 ,기타,10 ,20:10,21:10,1:00,,,
15 ,채널A,절친 토큐멘터리 4인용식탁,2024.7.29,월,47 ,2.093%,11 ,기타,4 ,20:10,21:10,1:00,,,
16 ,채널A,절친 토큐멘터리 4인용식탁,2024.7.22,월,46 ,1.010%,30 ,기타,12 ,20:10,21:10,1:00,,,
17 ,채널A,절친 토큐멘터리 4인용식탁,2024.7.15,월,45 ,1.383%,22 ,기타,9 ,20:10,21:10,1:00,,,
18 ,채널A,절친 토큐멘터리 4인용식탁,2024.7.8,월,44 ,1.575%,22 ,기타,9 ,20:10,21:10,1:00,,,
19 ,채널A,절친 토큐멘터리 4인용식탁,2024.7.1,월,43 ,1.221%,24 ,기타,9 ,20:10,21:10,1:00,,,
20 ,채널A,절친 토큐멘터리 4인용식탁,2024.6.24,월,42 ,1.644%,20 ,기타,9 ,20:10,21:10,1:00,,,
21 ,채널A,절친 토큐멘터리 4인용식탁,2024.6.17,월,41 ,1.876%,16 ,기타,8 ,20:10,21:10,1:00,,,
22 ,채널A,절친 토큐멘터리 4인용식탁,2024.6.10,월,40 ,1.529%,20 ,기타,8 ,20:10,21:10,1:00,,,
23 ,채널A,절친 토큐멘터리 4인용식탁,2024.6.3,월,39 ,1.434%,22 ,기타,9 ,20:10,21:10,1:00,,,
24 ,채널A,탐정들의 영업비밀,2024.8.26,월,23 ,2.017%,11 ,예능,6 ,21:30,23:00,1:30,,,
25 ,채널A,탐정들의 영업비밀,2024.8.19,월,22 ,1.859%,12 ,예능,5 ,21:30,23:00,1:30,,,
26 ,채널A,탐정들의 영업비밀,2024.8.12,월,21 ,2.088%,13 ,예능,5 ,21:30,23:00,1:30,,,
27 ,채널A,탐정들의 영업비밀,2024.8.5,월,20 ,2.565%,11 ,예능,7 ,21:30,23:00,1:30,,,
28 ,채널A,탐정들의 영업비밀,2024.7.22,월,19 ,2.088%,18 ,예능,9 ,21:30,23:00,1:30,,,
29 ,채널A,탐정들의 영업비밀,2024.7.15,월,18 ,1.820%,19 ,예능,8 ,21:30,23:00,1:30,,,
30 ,채널A,탐정들의 영업비밀,2024.7.8,월,17 ,1.828%,20 ,예능,8 ,21:30,23:00,1:30,,,
31 ,채널A,탐정들의 영업비밀,2024.7.1,월,16 ,1.822%,17 ,예능,8 ,21:30,23:00,1:30,,,
32 ,채널A,탐정들의 영업비밀,2024.6.24,월,15 ,1.830%,17 ,예능,8 ,21:30,23:00,1:30,,,
33 ,채널A,탐정들의 영업비밀,2024.6.17,월,14 ,1.174%,25 ,예능,10 ,21:30,23:00,1:30,,,
34 ,채널A,탐정들의 영업비밀,2024.6.10,월,13 ,1.506%,21 ,예능,9 ,21:30,23:00,1:30,,,
35 ,채널A,탐정들의 영업비밀,2024.6.3,월,12 ,1.547%,21 ,예능,8 ,21:30,23:00,1:30,,,
36 ,채널A,요즘 남자 라이프 신랑수업,2024.8.28,수,129 ,2.304%,9 ,예능,4 ,21:30,22:50,1:20,,,
37 ,채널A,요즘 남자 라이프 신랑수업,2024.8.21,수,128 ,1.940%,13 ,예능,5 ,21:30,22:50,1:20,,,
38 ,채널A,요즘 남자 라이프 신랑수업,2024.8.14,수,127 ,2.224%,11 ,예능,4 ,21:30,22:50,1:20,,,
39 ,채널A,요즘 남자 라이프 신랑수업,2024.8.7,수,126 ,2.449%,7 ,예능,3 ,21:30,22:50,1:20,,,
40 ,채널A,요즘 남자 라이프 신랑수업,2024.7.31,수,125 ,1.792%,13 ,예능,4 ,21:30,22:50,1:20,,,
41 ,채널A,요즘 남자 라이프 신랑수업,2024.7.24,수,124 ,2.800%,5 ,예능,3 ,21:30,22:50,1:20,,,
42 ,채널A,요즘 남자 라이프 신랑수업,2024.7.17,수,123 ,2.568%,8 ,예능,4 ,21:30,22:50,1:20,,,
43 ,채널A,요즘 남자 라이프 신랑수업,2024.7.10,수,122 ,2.593%,5 ,예능,2 ,21:30,22:50,1:20,,,
44 ,채널A,요즘 남자 라이프 신랑수업,2024.7.3,수,121 ,2.797%,2 ,예능,2 ,21:30,22:50,1:20,,,
45 ,채널A,요즘 남자 라이프 신랑수업,2024.6.26,수,120 ,2.467%,6 ,예능,3 ,21:30,22:50,1:20,,,
46 ,채널A,요즘 남자 라이프 신랑수업,2024.6.19,수,119 ,2.673%,4 ,예능,2 ,21:30,22:50,1:20,,,
47 ,채널A,요즘 남자 라이프 신랑수업,2024.6.12,수,118 ,2.296%,10 ,예능,4 ,21:30,22:50,1:20,,,
48 ,채널A,요즘 남자 라이프 신랑수업,2024.6.5,수,117 ,2.543%,4 ,예능,1 ,21:30,22:50,1:20,,,
49 ,채널A,오은영의 금쪽상담소,2024.8.29,목,147 ,1.268%,21 ,예능,7 ,20:10,21:10,1:00,,,
50 ,채널A,오은영의 금쪽상담소,2024.8.22,목,146 ,1.243%,23 ,예능,8 ,20:10,21:10,1:00,,,
51 ,채널A,오은영의 금쪽상담소,2024.8.15,목,145 ,1.137%,28 ,예능,14 ,20:10,21:10,1:00,,,
52 ,채널A,오은영의 금쪽상담소,2024.8.8,목,144 ,1.519%,20 ,예능,6 ,20:10,21:10,1:00,,,
53 ,채널A,오은영의 금쪽상담소,2024.8.1,목,143 ,1.492%,19 ,예능,5 ,20:10,21:10,1:00,,,
54 ,채널A,오은영의 금쪽상담소,2024.7.25,목,142 ,0.784%,34 ,예능,12 ,20:10,21:10,1:00,,,
55 ,채널A,오은영의 금쪽상담소,2024.7.18,목,141 ,0.924%,32 ,예능,12 ,20:10,21:10,1:00,,,
56 ,채널A,오은영의 금쪽상담소,2024.7.11,목,140 ,1.534%,22 ,예능,8 ,20:10,21:10,1:00,,,
57 ,채널A,오은영의 금쪽상담소,2024.7.4,목,139 ,1.418%,24 ,예능,8 ,20:10,21:10,1:00,,,
58 ,채널A,오은영의 금쪽상담소,2024.6.27,목,138 ,1.529%,21 ,예능,7 ,20:10,21:10,1:00,,,
59 ,채널A,오은영의 금쪽상담소,2024.6.20,목,137 ,0.950%,30 ,예능,11 ,20:10,21:10,1:00,,,
60 ,채널A,오은영의 금쪽상담소,2024.6.13,목,136 ,1.254%,24 ,예능,8 ,20:10,21:10,1:00,,,
61 ,채널A,오은영의 금쪽상담소,2024.6.6,목,135 ,1.365%,15 ,예능,7 ,20:10,21:10,1:00,,,
62 ,채널A,아빠는 꽃중년,2024.8.29,목,18 ,1.782%,15 ,예능,6 ,21:30,23:15,1:45,,,
63 ,채널A,아빠는 꽃중년,2024.8.22,목,17 ,1.518%,19 ,예능,6 ,21:30,23:15,1:45,,,
64 ,채널A,아빠는 꽃중년,2024.8.15,목,16 ,1.886%,14 ,예능,6 ,21:30,23:15,1:45,,,
65 ,채널A,아빠는 꽃중년,2024.8.1,목,15 ,2.393%,10 ,예능,4 ,21:30,23:15,1:45,,,
66 ,채널A,아빠는 꽃중년,2024.7.25,목,14 ,1.923%,16 ,예능,4 ,21:30,23:15,1:45,,,
67 ,채널A,아빠는 꽃중년,2024.7.18,목,13 ,1.827%,17 ,예능,4 ,21:30,23:15,1:45,,,
68 ,채널A,아빠는 꽃중년,2024.7.11,목,12 ,2.282%,12 ,예능,4 ,21:30,23:15,1:45,,,
69 ,채널A,아빠는 꽃중년,2024.7.4,목,11 ,1.719%,18 ,예능,7 ,21:30,23:15,1:45,,,
70 ,채널A,아빠는 꽃중년,2024.6.27,목,10 ,1.637%,18 ,예능,6 ,21:30,23:15,1:45,,,
71 ,채널A,아빠는 꽃중년,2024.6.20,목,9 ,1.439%,22 ,예능,7 ,21:30,23:15,1:45,,,
72 ,채널A,아빠는 꽃중년,2024.6.13,목,8 ,1.916%,13 ,예능,4 ,21:30,23:15,1:45,,,
73 ,채널A,요즘 육아 금쪽같은 내새끼,2024.8.30,금,205 ,1.184%,19 ,예능,6 ,20:10,21:20,1:10,,,
74 ,채널A,요즘 육아 금쪽같은 내새끼,2024.8.23,금,204 ,1.422%,17 ,예능,5 ,20:10,21:20,1:10,,,
75 ,채널A,요즘 육아 금쪽같은 내새끼,2024.8.16,금,203 ,1.630%,15 ,예능,4 ,20:10,21:20,1:10,,,
76 ,채널A,요즘 육아 금쪽같은 내새끼,2024.8.9,금,202 ,1.883%,15 ,예능,4 ,20:10,21:20,1:10,,,
77 ,채널A,요즘 육아 금쪽같은 내새끼,2024.7.26,금,201 ,1.686%,16 ,예능,4 ,20:10,21:20,1:10,,,
78 ,채널A,요즘 육아 금쪽같은 내새끼,2024.7.19,금,200 ,1.719%,16 ,예능,4 ,20:10,21:20,1:10,,,
79 ,채널A,요즘 육아 금쪽같은 내새끼,2024.7.12,금,199 ,1.299%,19 ,예능,6 ,20:10,21:20,1:10,,,
80 ,채널A,요즘 육아 금쪽같은 내새끼,2024.7.5,금,198 ,1.805%,15 ,예능,4 ,20:10,21:20,1:10,,,
81 ,채널A,요즘 육아 금쪽같은 내새끼,2024.6.28,금,197 ,1.775%,13 ,예능,4 ,20:10,21:20,1:10,,,
82 ,채널A,요즘 육아 금쪽같은 내새끼,2024.6.14,금,196 ,2.133%,6 ,예능,4 ,20:10,21:20,1:10,,,
83 ,채널A,요즘 육아 금쪽같은 내새끼,2024.6.7,금,195 ,1.516%,17 ,예능,6 ,20:10,21:20,1:10,,,
84 ,채널A,남의 나라 살아요 선 넘은 패밀리,2024.8.30,금,48 ,1.359%,16 ,예능,4 ,21:40,23:00,1:20,,,
85 ,채널A,남의 나라 살아요 선 넘은 패밀리,2024.8.23,금,47 ,1.179%,21 ,예능,6 ,21:40,23:00,1:20,,,
86 ,채널A,남의 나라 살아요 선 넘은 패밀리,2024.8.16,금,46 ,1.242%,19 ,예능,6 ,21:40,23:00,1:20,,,
87 ,채널A,남의 나라 살아요 선 넘은 패밀리,2024.8.9,금,45 ,1.696%,18 ,예능,5 ,21:40,23:00,1:20,,,
88 ,채널A,남의 나라 살아요 선 넘은 패밀리,2024.7.26,금,44 ,1.356%,18 ,예능,5 ,21:40,23:00,1:20,,,
89 ,채널A,남의 나라 살아요 선 넘은 패밀리,2024.7.19,금,43 ,1.311%,20 ,예능,6 ,21:40,23:00,1:20,,,
90 ,채널A,남의 나라 살아요 선 넘은 패밀리,2024.7.12,금,42 ,1.121%,24 ,예능,8 ,21:40,23:00,1:20,,,
91 ,채널A,남의 나라 살아요 선 넘은 패밀리,2024.7.5,금,41 ,1.218%,22 ,예능,7 ,21:40,23:00,1:20,,,
92 ,채널A,남의 나라 살아요 선 넘은 패밀리,2024.6.28,금,40 ,1.150%,23 ,예능,6 ,21:40,23:00,1:20,,,
93 ,채널A,남의 나라 살아요 선 넘은 패밀리,2024.6.21,금,39 ,1.354%,20 ,예능,6 ,21:40,23:00,1:20,,,
94 ,채널A,남의 나라 살아요 선 넘은 패밀리,2024.6.14,금,38 ,1.656%,14 ,예능,5 ,21:40,23:00,1:20,,,
95 ,채널A,남의 나라 살아요 선 넘은 패밀리,2024.6.7,금,37 ,1.541%,16 ,예능,5 ,21:40,23:00,1:20,,,
96 ,채널A,새벽 2시의 신데렐라,2024.9.1,일,4 ,0.628%,NULL,드라마,NULL,21:20,22:20,1:00,,,
97 ,채널A,새벽 2시의 신데렐라,2024.8.31,토,3 ,0.801%,NULL,드라마,NULL,21:20,22:20,1:00,,,
98 ,채널A,새벽 2시의 신데렐라,2024.8.25,일,2 ,0.400%,NULL,드라마,NULL,21:20,22:20,1:00,,,
99 ,채널A,새벽 2시의 신데렐라,2024.8.24,토,1 ,0.500%,NULL,드라마,NULL,21:20,22:20,1:00,,,
100 ,채널A,이제 만나러 갑니다,2024.9.1,일,662 ,2.375%,3 ,예능,2 ,22:50,0:10,1:20,,,
101 ,채널A,이제 만나러 갑니다,2024.8.25,일,661 ,2.128%,4 ,예능,3 ,22:50,0:10,1:20,,,
102 ,채널A,이제 만나러 갑니다,2024.8.18,일,660 ,2.560%,5 ,예능,4 ,22:50,0:10,1:20,,,
103 ,채널A,이제 만나러 갑니다,2024.8.11,일,659 ,2.218%,3 ,예능,1 ,22:50,0:10,1:20,,,
104 ,채널A,이제 만나러 갑니다,2024.8.4,일,658 ,1.974%,7 ,예능,3 ,22:50,0:10,1:20,,,
105 ,채널A,이제 만나러 갑니다,2024.7.28,일,657 ,1.491%,10 ,예능,3 ,22:50,0:10,1:20,,,
106 ,채널A,이제 만나러 갑니다,2024.7.21,일,656 ,2.388%,3 ,예능,2 ,22:50,0:10,1:20,,,
107 ,채널A,이제 만나러 갑니다,2024.7.14,일,655 ,2.342%,3 ,예능,2 ,22:50,0:10,1:20,,,
108 ,채널A,이제 만나러 갑니다,2024.7.7,일,654 ,2.469%,3 ,예능,2 ,22:50,0:10,1:20,,,
109 ,채널A,이제 만나러 갑니다,2024.6.30,일,653 ,2.543%,3 ,예능,2 ,22:50,0:10,1:20,,,
110 ,채널A,이제 만나러 갑니다,2024.6.23,일,652 ,2.130%,3 ,예능,2 ,22:50,0:10,1:20,,,
111 ,채널A,이제 만나러 갑니다,2024.6.16,일,651 ,2.406%,5 ,예능,2 ,22:50,0:10,1:20,,,
112 ,채널A,이제 만나러 갑니다,2024.6.9,일,650 ,1.977%,6 ,예능,3 ,22:50,0:10,1:20,,,
113 ,JTBC,톡파원 25시,2024.8.26,월,126 ,3.483%,4 ,예능,4 ,20:50,22:10,1:20,,,
114 ,JTBC,톡파원 25시,2024.8.19,월,125 ,3.180%,3 ,예능,3 ,20:50,22:10,1:20,,,
115 ,JTBC,톡파원 25시,2024.8.12,월,124 ,3.207%,4 ,예능,3 ,20:50,22:10,1:20,,,
116 ,JTBC,톡파원 25시,2024.8.5,월,123 ,3.214%,5 ,예능,4 ,20:50,22:10,1:20,,,
117 ,JTBC,톡파원 25시,2024.7.22,월,122 ,3.424%,4 ,예능,4 ,20:50,22:10,1:20,,,
118 ,JTBC,톡파원 25시,2024.7.15,월,121 ,3.424%,2 ,예능,2 ,20:50,22:10,1:20,,,
119 ,JTBC,톡파원 25시,2024.7.8,월,120 ,3.291%,5 ,예능,4 ,20:50,22:10,1:20,,,
120 ,JTBC,톡파원 25시,2024.7.1,월,119 ,3.233%,3 ,예능,3 ,20:50,22:10,1:20,,,
121 ,JTBC,톡파원 25시,2024.6.24,월,118 ,2.462%,9 ,예능,5 ,20:50,22:10,1:20,,,
122 ,JTBC,톡파원 25시,2024.6.17,월,117 ,2.960%,6 ,예능,5 ,20:50,22:10,1:20,,,
123 ,JTBC,톡파원 25시,2024.6.10,월,116 ,2.605%,5 ,예능,3 ,20:50,22:10,1:20,,,
124 ,JTBC,톡파원 25시,2024.6.3,월,115 ,2.242%,12 ,예능,6 ,20:50,22:10,1:20,,,
125 ,JTBC,최강야구,2024.8.26,월,96 ,3.208%,5 ,예능,5 ,22:30,0:40,2:10,,,
126 ,JTBC,최강야구,2024.8.19,월,95 ,3.019%,5 ,예능,4 ,22:30,0:40,2:10,,,
127 ,JTBC,최강야구,2024.8.12,월,94 ,2.940%,5 ,예능,4 ,22:30,0:40,2:10,,,
128 ,JTBC,최강야구,2024.8.5,월,93 ,3.232%,4 ,예능,3 ,22:30,0:40,2:10,,,
129 ,JTBC,최강야구,2024.7.29,월,92 ,2.987%,2 ,예능,1 ,22:30,0:40,2:10,,,
130 ,JTBC,최강야구,2024.7.22,월,91 ,3.238%,6 ,예능,5 ,22:30,0:40,2:10,,,
131 ,JTBC,최강야구,2024.7.15,월,90 ,3.274%,3 ,예능,3 ,22:30,0:40,2:10,,,
132 ,JTBC,최강야구,2024.7.8,월,89 ,3.491%,3 ,예능,2 ,22:30,0:40,2:10,,,
133 ,JTBC,최강야구,2024.7.1,월,88 ,3.465%,2 ,예능,2 ,22:30,0:40,2:10,,,
134 ,JTBC,최강야구,2024.6.24,월,87 ,3.512%,2 ,예능,2 ,22:30,0:40,2:10,,,
135 ,JTBC,최강야구,2024.6.17,월,86 ,3.302%,3 ,예능,3 ,22:30,0:40,2:10,,,
136 ,JTBC,최강야구,2024.6.10,월,85 ,3.063%,1 ,예능,1 ,22:30,0:40,2:10,,,
137 ,JTBC,최강야구,2024.6.3,월,84 ,3.162%,3 ,예능,3 ,22:30,0:40,2:10,,,
138 ,JTBC,한블리 (한문철의 블랙박스 리뷰),2024.8.27,화,93 ,2.777%,6 ,교양,NULL,20:50,22:30,1:40,,,
139 ,JTBC,한블리 (한문철의 블랙박스 리뷰),2024.8.20,화,92 ,3.344%,2 ,교양,NULL,20:50,22:30,1:40,,,
140 ,JTBC,한블리 (한문철의 블랙박스 리뷰),2024.8.13,화,91 ,2.920%,4 ,교양,NULL,20:50,22:30,1:40,,,
141 ,JTBC,한블리 (한문철의 블랙박스 리뷰),2024.8.6,화,90 ,3.290%,3 ,교양,NULL,20:50,22:30,1:40,,,
142 ,JTBC,한블리 (한문철의 블랙박스 리뷰),2024.7.30,화,89 ,3.361%,2 ,교양,NULL,20:50,22:30,1:40,,,
143 ,JTBC,한블리 (한문철의 블랙박스 리뷰),2024.7.23,화,88 ,3.528%,3 ,교양,NULL,20:50,22:30,1:40,,,
144 ,JTBC,한블리 (한문철의 블랙박스 리뷰),2024.7.16,화,87 ,3.266%,7 ,교양,NULL,20:50,22:30,1:40,,,
145 ,JTBC,한블리 (한문철의 블랙박스 리뷰),2024.7.9,화,86 ,2.907%,10 ,교양,NULL,20:50,22:30,1:40,,,
146 ,JTBC,한블리 (한문철의 블랙박스 리뷰),2024.7.2,화,85 ,2.935%,5 ,교양,NULL,20:50,22:30,1:40,,,
147 ,JTBC,한블리 (한문철의 블랙박스 리뷰),2024.6.25,화,84 ,3.037%,4 ,교양,NULL,20:50,22:30,1:40,,,
148 ,JTBC,한블리 (한문철의 블랙박스 리뷰),2024.6.18,화,83 ,2.456%,7 ,교양,NULL,20:50,22:30,1:40,,,
149 ,JTBC,한블리 (한문철의 블랙박스 리뷰),2024.6.11,화,82 ,2.476%,8 ,교양,NULL,20:50,22:30,1:40,,,
150 ,JTBC,한블리 (한문철의 블랙박스 리뷰),2024.6.4,화,81 ,2.451%,6 ,교양,NULL,20:50,22:30,1:40,,,
151 ,JTBC,끝사랑,2024.8.29,목,3 ,2.165%,11 ,예능,5 ,20:50,22:20,1:30,,,
152 ,JTBC,끝사랑,2024.8.22,목,2 ,2.217%,12 ,예능,5 ,20:50,22:20,1:30,,,
153 ,JTBC,끝사랑,2024.8.15,목,1 ,1.910%,12 ,예능,5 ,20:50,22:20,1:30,,,
154 ,JTBC,놀아주는 여자,2024.8.1,목,16 ,2.939%,4 ,드라마,1 ,20:50,21:50,1:00,,,
155 ,JTBC,놀아주는 여자,2024.7.31,수,15 ,2.813%,4 ,드라마,1 ,20:50,21:50,1:00,,,
156 ,JTBC,놀아주는 여자,2024.7.25,목,14 ,2.322%,11 ,드라마,1 ,20:50,21:50,1:00,,,
157 ,JTBC,놀아주는 여자,2024.7.24,수,13 ,2.640%,8 ,드라마,1 ,20:50,21:50,1:00,,,
158 ,JTBC,놀아주는 여자,2024.7.18,목,12 ,2.710%,7 ,드라마,1 ,20:50,21:50,1:00,,,
159 ,JTBC,놀아주는 여자,2024.7.17,수,11 ,2.863%,5 ,드라마,1 ,20:50,21:50,1:00,,,
160 ,JTBC,놀아주는 여자,2024.7.11,목,10 ,3.003%,5 ,드라마,1 ,20:50,21:50,1:00,,,
161 ,JTBC,놀아주는 여자,2024.7.10,수,9 ,2.625%,3 ,드라마,1 ,20:50,21:50,1:00,,,
162 ,JTBC,놀아주는 여자,2024.7.4,목,8 ,2.759%,4 ,드라마,1 ,20:50,21:50,1:00,,,
163 ,JTBC,놀아주는 여자,2024.7.3,수,7 ,2.488%,5 ,드라마,1 ,20:50,21:50,1:00,,,
164 ,JTBC,놀아주는 여자,2024.6.27,목,6 ,2.626%,5 ,드라마,1 ,20:50,21:50,1:00,,,
165 ,JTBC,놀아주는 여자,2024.6.26,수,5 ,2.351%,7 ,드라마,1 ,20:50,21:50,1:00,,,
166 ,JTBC,놀아주는 여자,2024.6.20,목,4 ,2.284%,9 ,드라마,1 ,20:50,21:50,1:00,,,
167 ,JTBC,놀아주는 여자,2024.6.19,수,3 ,1.852%,13 ,드라마,1 ,20:50,21:50,1:00,,,
168 ,JTBC,놀아주는 여자,2024.6.13,목,2 ,2.185%,10 ,드라마,1 ,20:50,21:50,1:00,,,
169 ,JTBC,놀아주는 여자,2024.6.12,수,1 ,2.297%,9 ,드라마,1 ,20:50,21:50,1:00,,,
170 ,JTBC,이혼숙려캠프,2024.8.29,목,3 ,2.869%,6 ,예능,4 ,22:40,0:10,1:30,,,
171 ,JTBC,이혼숙려캠프,2024.8.22,목,2 ,3.136%,4 ,예능,3 ,22:40,0:10,1:30,,,
172 ,JTBC,이혼숙려캠프,2024.8.15,목,1 ,2.274%,6 ,예능,4 ,22:40,0:10,1:30,,,
173 ,JTBC,아는 형님,2024.8.31,토,448 ,2.130%,2 ,예능,1 ,20:50,22:20,1:30,,,
174 ,JTBC,아는 형님,2024.8.24,토,447 ,1.633%,4 ,예능,3 ,20:50,22:20,1:30,,,
175 ,JTBC,아는 형님,2024.8.17,토,446 ,1.594%,7 ,예능,4 ,20:50,22:20,1:30,,,
176 ,JTBC,아는 형님,2024.8.10,토,445 ,2.428%,2 ,예능,1 ,20:50,22:20,1:30,,,
177 ,JTBC,아는 형님,2024.7.27,토,444 ,3.562%,3 ,예능,2 ,20:50,22:20,1:30,,,
178 ,JTBC,아는 형님,2024.7.20,토,443 ,1.715%,5 ,예능,3 ,20:50,22:20,1:30,,,
179 ,JTBC,아는 형님,2024.7.13,토,442 ,2.017%,4 ,예능,3 ,20:50,22:20,1:30,,,
180 ,JTBC,아는 형님,2024.7.6,토,441 ,1.853%,6 ,예능,4 ,20:50,22:20,1:30,,,
181 ,JTBC,아는 형님,2024.6.29,토,440 ,2.516%,5 ,예능,4 ,20:50,22:20,1:30,,,
182 ,JTBC,아는 형님,2024.6.22,토,439 ,2.262%,4 ,예능,3 ,20:50,22:20,1:30,,,
183 ,JTBC,아는 형님,2024.6.15,토,438 ,2.371%,6 ,예능,3 ,20:50,22:20,1:30,,,
184 ,JTBC,아는 형님,2024.6.8,토,437 ,2.977%,4 ,예능,1 ,20:50,22:20,1:30,,,
185 ,JTBC,가족X멜로,2024.8.31,토,7 ,3.345%,1 ,드라마,1 ,20:30,21:30,1:00,,,
186 ,JTBC,가족X멜로,2024.8.25,일,6 ,5.186%,1 ,드라마,1 ,20:30,21:30,1:00,,,
187 ,JTBC,가족X멜로,2024.8.24,토,5 ,3.181%,1 ,드라마,1 ,20:30,21:30,1:00,,,
188 ,JTBC,가족X멜로,2024.8.18,일,4 ,5.326%,1 ,드라마,1 ,20:30,21:30,1:00,,,
189 ,JTBC,가족X멜로,2024.8.17,토,3 ,3.902%,1 ,드라마,1 ,20:30,21:30,1:00,,,
190 ,JTBC,가족X멜로,2024.8.11,일,2 ,5.176%,1 ,드라마,1 ,20:30,21:30,1:00,,,
191 ,JTBC,가족X멜로,2024.8.10,토,1 ,4.786%,1 ,드라마,1 ,20:30,21:30,1:00,,,
192 ,JTBC,낮과 밤이 다른 그녀,2024.8.4,일,16 ,11.744%,1 ,드라마,1 ,20:30,21:30,1:00,,,
193 ,JTBC,낮과 밤이 다른 그녀,2024.8.3,토,15 ,8.707%,1 ,드라마,1 ,20:30,21:30,1:00,,,
194 ,JTBC,낮과 밤이 다른 그녀,2024.7.28,일,14 ,8.287%,1 ,드라마,1 ,20:30,21:30,1:00,,,
195 ,JTBC,낮과 밤이 다른 그녀,2024.7.27,토,13 ,7.943%,1 ,드라마,1 ,20:30,21:30,1:00,,,
196 ,JTBC,낮과 밤이 다른 그녀,2024.7.21,일,12 ,9.368%,1 ,드라마,1 ,20:30,21:30,1:00,,,
197 ,JTBC,낮과 밤이 다른 그녀,2024.7.20,토,11 ,7.101%,1 ,드라마,1 ,20:30,21:30,1:00,,,
198 ,JTBC,낮과 밤이 다른 그녀,2024.7.14,일,10 ,8.376%,1 ,드라마,1 ,20:30,21:30,1:00,,,
199 ,JTBC,낮과 밤이 다른 그녀,2024.7.13,토,9 ,7.473%,1 ,드라마,1 ,20:30,21:30,1:00,,,
200 ,JTBC,낮과 밤이 다른 그녀,2024.7.7,일,8 ,8.391%,1 ,드라마,1 ,20:30,21:30,1:00,,,
201 ,JTBC,낮과 밤이 다른 그녀,2024.7.6,토,7 ,5.719%,1 ,드라마,1 ,20:30,21:30,1:00,,,
202 ,JTBC,낮과 밤이 다른 그녀,2024.6.30,일,6 ,7.666%,1 ,드라마,1 ,20:30,21:30,1:00,,,
203 ,JTBC,낮과 밤이 다른 그녀,2024.6.29,토,5 ,6.154%,1 ,드라마,1 ,20:30,21:30,1:00,,,
204 ,JTBC,낮과 밤이 다른 그녀,2024.6.23,일,4 ,6.037%,1 ,드라마,1 ,20:30,21:30,1:00,,,
205 ,JTBC,낮과 밤이 다른 그녀,2024.6.22,토,3 ,4.457%,1 ,드라마,1 ,20:30,21:30,1:00,,,
206 ,JTBC,낮과 밤이 다른 그녀,2024.6.16,일,2 ,3.602%,3 ,드라마,3 ,20:30,21:30,1:00,,,
207 ,JTBC,낮과 밤이 다른 그녀,2024.6.15,토,1 ,3.998%,2 ,드라마,2 ,20:30,21:30,1:00,,,
208 ,MBN,한번 더 체크타임,2024.8.26,월,206 ,0.791%,29 ,교양,NULL,20:10,21:00,0:50,,,
209 ,MBN,한번 더 체크타임,2024.8.19,월,205 ,0.677%,32 ,교양,NULL,20:10,21:00,0:50,,,
210 ,MBN,한번 더 체크타임,2024.8.12,월,204 ,0.859%,31 ,교양,NULL,20:10,21:00,0:50,,,
211 ,MBN,한번 더 체크타임,2024.8.5,월,203 ,1.706%,19 ,교양,NULL,20:10,21:00,0:50,,,
212 ,MBN,한번 더 체크타임,2024.7.29,월,202 ,1.341%,24 ,교양,NULL,20:10,21:00,0:50,,,
213 ,MBN,한번 더 체크타임,2024.7.22,월,201 ,1.011%,29 ,교양,NULL,20:10,21:00,0:50,,,
214 ,MBN,한번 더 체크타임,2024.7.15,월,200 ,0.748%,35 ,교양,NULL,20:10,21:00,0:50,,,
215 ,MBN,한번 더 체크타임,2024.7.8,월,199 ,0.740%,33 ,교양,NULL,20:10,21:00,0:50,,,
216 ,MBN,한번 더 체크타임,2024.7.1,월,198 ,0.625%,39 ,교양,NULL,20:10,21:00,0:50,,,
217 ,MBN,한번 더 체크타임,2024.6.24,월,197 ,0.882%,32 ,교양,NULL,20:10,21:00,0:50,,,
218 ,MBN,한번 더 체크타임,2024.6.17,월,196 ,0.794%,31 ,교양,NULL,20:10,21:00,0:50,,,
219 ,MBN,한번 더 체크타임,2024.6.10,월,195 ,0.712%,32 ,교양,NULL,20:10,21:00,0:50,,,
220 ,MBN,한번 더 체크타임,2024.6.3,월,194 ,0.806%,30 ,교양,NULL,20:10,21:00,0:50,,,
221 ,MBN,불타는 장미단 ,2024.8.5,월,69 ,3.610%,2 ,예능,1 ,21:30,23:10,1:40,,,
222 ,MBN,불타는 장미단 ,2024.7.29,월,68 ,2.585%,7 ,예능,2 ,21:30,23:10,1:40,,,
223 ,MBN,불타는 장미단 ,2024.7.22,월,67 ,2.584%,10 ,예능,6 ,21:30,23:10,1:40,,,
224 ,MBN,불타는 장미단 ,2024.7.15,월,66 ,2.976%,5 ,예능,4 ,21:30,23:10,1:40,,,
225 ,MBN,불타는 장미단 ,2024.7.8,월,65 ,3.362%,4 ,예능,3 ,21:30,23:10,1:40,,,
226 ,MBN,불타는 장미단 ,2024.7.1,월,64 ,2.915%,6 ,예능,4 ,21:30,23:10,1:40,,,
227 ,MBN,불타는 장미단 ,2024.6.24,월,63 ,3.274%,3 ,예능,3 ,21:30,23:10,1:40,,,
228 ,MBN,불타는 장미단 ,2024.6.17,월,62 ,3.075%,5 ,예능,4 ,21:30,23:10,1:40,,,
229 ,MBN,불타는 장미단 ,2024.6.10,월,61 ,3.046%,2 ,예능,2 ,21:30,23:10,1:40,,,
230 ,MBN,불타는 장미단 ,2024.6.3,월,60 ,3.450%,1 ,예능,1 ,21:30,23:10,1:40,,,
231 ,MBN,엄지의 제왕,2024.8.27,화,605 ,0.719%,36 ,예능,NULL,20:10,20:55,0:45,,,
232 ,MBN,엄지의 제왕,2024.8.20,화,604 ,1.021%,26 ,예능,NULL,20:10,20:55,0:45,,,
233 ,MBN,엄지의 제왕,2024.8.13,화,603 ,1.147%,24 ,예능,NULL,20:10,20:55,0:45,,,
234 ,MBN,엄지의 제왕,2024.8.6,화,602 ,1.076%,28 ,예능,NULL,20:10,20:55,0:45,,,
235 ,MBN,엄지의 제왕,2024.7.30,화,601 ,1.074%,25 ,예능,NULL,20:10,20:55,0:45,,,
236 ,MBN,엄지의 제왕,2024.7.23,화,600 ,0.879%,28 ,예능,NULL,20:10,20:55,0:45,,,
237 ,MBN,엄지의 제왕,2024.7.16,화,599 ,1.173%,26 ,예능,NULL,20:10,20:55,0:45,,,
238 ,MBN,엄지의 제왕,2024.7.9,화,598 ,0.946%,31 ,예능,NULL,20:10,20:55,0:45,,,
239 ,MBN,엄지의 제왕,2024.7.2,화,597 ,0.917%,32 ,예능,NULL,20:10,20:55,0:45,,,
240 ,MBN,엄지의 제왕,2024.6.25,화,596 ,0.735%,30 ,예능,NULL,20:10,20:55,0:45,,,
241 ,MBN,엄지의 제왕,2024.6.18,화,595 ,0.990%,31 ,예능,NULL,20:10,20:55,0:45,,,
242 ,MBN,엄지의 제왕,2024.6.11,화,594 ,0.910%,27 ,예능,NULL,20:10,20:55,0:45,,,
243 ,MBN,엄지의 제왕,2024.6.4,화,593 ,1.025%,27 ,예능,NULL,20:10,20:55,0:45,,,
244 ,MBN,한일톱텐쇼,2024.8.27,화,14 ,4.489%,1 ,예능,1 ,22:00,0:00,2:00,,,
245 ,MBN,한일톱텐쇼,2024.8.20,화,13 ,3.905%,1 ,예능,1 ,22:00,1:00,3:00,,,
246 ,MBN,한일톱텐쇼,2024.8.13,화,12 ,4.369%,1 ,예능,1 ,22:00,2:00,4:00,,,
247 ,MBN,한일톱텐쇼,2024.8.6,화,11 ,3.460%,2 ,예능,1 ,22:00,3:00,5:00,,,
248 ,MBN,한일톱텐쇼,2024.7.30,화,10 ,3.351%,3 ,예능,2 ,22:00,4:00,6:00,,,
249 ,MBN,한일톱텐쇼,2024.7.23,화,9 ,5.020%,1 ,예능,1 ,22:00,5:00,7:00,,,
250 ,MBN,한일톱텐쇼,2024.7.16,화,8 ,4.673%,1 ,예능,1 ,22:00,6:00,8:00,,,
251 ,MBN,한일톱텐쇼,2024.7.9,화,7 ,5.033%,1 ,예능,1 ,22:00,7:00,9:00,,,
252 ,MBN,한일톱텐쇼,2024.7.2,화,6 ,5.122%,1 ,예능,1 ,22:00,8:00,10:00,,,
253 ,MBN,한일톱텐쇼,2024.6.25,화,5 ,4.059%,1 ,예능,1 ,22:00,9:00,11:00,,,
254 ,MBN,한일톱텐쇼,2024.6.18,화,4 ,5.225%,1 ,예능,1 ,22:00,10:00,12:00,,,
255 ,MBN,한일톱텐쇼,2024.6.11,화,3 ,5.680%,2 ,예능,1 ,22:00,11:00,13:00,,,
256 ,MBN,한일톱텐쇼,2024.6.4,화,2 ,4.787%,1 ,예능,1 ,22:00,12:00,14:00,,,
257 ,MBN,명을 사수하는 사람들 ,2024.8.28,수,78 ,0.982%,27 ,교양,NULL,20:10,20:55,0:45,,,
258 ,MBN,명을 사수하는 사람들 ,2024.8.21,수,77 ,0.553%,40 ,교양,NULL,20:10,20:55,0:45,,,
259 ,MBN,명을 사수하는 사람들 ,2024.8.14,수,76 ,0.877%,31 ,교양,NULL,20:10,20:55,0:45,,,
260 ,MBN,명을 사수하는 사람들 ,2024.8.7,수,75 ,0.956%,25 ,교양,NULL,20:10,20:55,0:45,,,
261 ,MBN,명을 사수하는 사람들 ,2024.7.31,수,74 ,0.914%,29 ,교양,NULL,20:10,20:55,0:45,,,
262 ,MBN,명을 사수하는 사람들 ,2024.7.24,수,73 ,0.964%,29 ,교양,NULL,20:10,20:55,0:45,,,
263 ,MBN,명을 사수하는 사람들 ,2024.7.17,수,72 ,0.950%,28 ,교양,NULL,20:10,20:55,0:45,,,
264 ,MBN,명을 사수하는 사람들 ,2024.7.10,수,71 ,0.900%,29 ,교양,NULL,20:10,20:55,0:45,,,
265 ,MBN,명을 사수하는 사람들 ,2024.7.3,수,70 ,0.726%,32 ,교양,NULL,20:10,20:55,0:45,,,
266 ,MBN,명을 사수하는 사람들 ,2024.6.26,수,69 ,0.718%,34 ,교양,NULL,20:10,20:55,0:45,,,
267 ,MBN,명을 사수하는 사람들 ,2024.6.19,수,68 ,0.764%,33 ,교양,NULL,20:10,20:55,0:45,,,
268 ,MBN,명을 사수하는 사람들 ,2024.6.12,수,67 ,0.658%,37 ,교양,NULL,20:10,20:55,0:45,,,
269 ,MBN,명을 사수하는 사람들 ,2024.6.5,수,66 ,0.820%,32 ,교양,NULL,20:10,20:55,0:45,,,
270 ,MBN,나는 자연인이다,2024.8.28,수,620 ,3.063%,2 ,교양,NULL,21:10,22:10,1:00,,,
271 ,MBN,나는 자연인이다,2024.8.21,수,619 ,2.834%,6 ,교양,NULL,21:10,22:10,1:00,,,
272 ,MBN,나는 자연인이다,2024.8.14,수,618 ,2.582%,7 ,교양,NULL,21:10,22:10,1:00,,,
273 ,MBN,나는 자연인이다,2024.8.7,수,617 ,1.946%,14 ,교양,NULL,21:10,22:10,1:00,,,
274 ,MBN,나는 자연인이다,2024.7.31,수,616 ,2.308%,11 ,교양,NULL,21:10,22:10,1:00,,,
275 ,MBN,나는 자연인이다,2024.7.24,수,615 ,2.840%,4 ,교양,NULL,21:10,22:10,1:00,,,
276 ,MBN,나는 자연인이다,2024.7.17,수,614 ,2.568%,8 ,교양,NULL,21:10,22:10,1:00,,,
277 ,MBN,나는 자연인이다,2024.7.10,수,613 ,2.601%,4 ,교양,NULL,21:10,22:10,1:00,,,
278 ,MBN,나는 자연인이다,2024.7.3,수,612 ,2.599%,3 ,교양,NULL,21:10,22:10,1:00,,,
279 ,MBN,나는 자연인이다,2024.6.26,수,611 ,2.820%,3 ,교양,NULL,21:10,22:10,1:00,,,
280 ,MBN,나는 자연인이다,2024.6.19,수,610 ,2.765%,3 ,교양,NULL,21:10,22:10,1:00,,,
281 ,MBN,나는 자연인이다,2024.6.12,수,609 ,2.616%,4 ,교양,NULL,21:10,22:10,1:00,,,
282 ,MBN,나는 자연인이다,2024.6.5,수,608 ,2.430%,6 ,교양,NULL,21:10,22:10,1:00,,,
283 ,MBN,알약방,2024.8.29,목,218 ,0.651%,32 ,교양,NULL,20:10,20:55,0:45,,,
284 ,MBN,알약방,2024.8.22,목,217 ,0.672%,34 ,교양,NULL,20:10,20:55,0:45,,,
285 ,MBN,알약방,2024.8.15,목,216 ,0.755%,36 ,교양,NULL,20:10,20:55,0:45,,,
286 ,MBN,알약방,2024.8.8,목,215 ,1.263%,27 ,교양,NULL,20:10,20:55,0:45,,,
287 ,MBN,알약방,2024.8.1,목,214 ,0.921%,30 ,교양,NULL,20:10,20:55,0:45,,,
288 ,MBN,알약방,2024.7.25,목,213 ,0.666%,37 ,교양,NULL,20:10,20:55,0:45,,,
289 ,MBN,알약방,2024.7.18,목,212 ,0.509%,41 ,교양,NULL,20:10,20:55,0:45,,,
290 ,MBN,알약방,2024.7.11,목,211 ,0.573%,38 ,교양,NULL,20:10,20:55,0:45,,,
291 ,MBN,알약방,2024.7.4,목,210 ,0.606%,38 ,교양,NULL,20:10,20:55,0:45,,,
292 ,MBN,알약방,2024.6.27,목,209 ,0.472%,43 ,교양,NULL,20:10,20:55,0:45,,,
293 ,MBN,알약방,2024.6.20,목,208 ,0.556%,42 ,교양,NULL,20:10,20:55,0:45,,,
294 ,MBN,알약방,2024.6.13,목,207 ,0.682%,36 ,교양,NULL,20:10,20:55,0:45,,,
295 ,MBN,알약방,2024.6.6,목,206 ,1.129%,21 ,교양,NULL,20:10,20:55,0:45,,,
296 ,MBN,특종세상,2024.8.29,목,650 ,3.299%,3 ,교양,NULL,21:10,22:10,1:00,,,
297 ,MBN,특종세상,2024.8.22,목,649 ,2.324%,10 ,교양,NULL,21:10,22:10,1:00,,,
298 ,MBN,특종세상,2024.8.15,목,648 ,2.642%,4 ,교양,NULL,21:10,22:10,1:00,,,
299 ,MBN,특종세상,2024.8.8,목,647 ,3.066%,2 ,교양,NULL,21:10,22:10,1:00,,,
300 ,MBN,특종세상,2024.8.1,목,646 ,2.390%,11 ,교양,NULL,21:10,22:10,1:00,,,
301 ,MBN,특종세상,2024.7.25,목,645 ,2.857%,6 ,교양,NULL,21:10,22:10,1:00,,,
302 ,MBN,특종세상,2024.7.18,목,644 ,2.432%,10 ,교양,NULL,21:10,22:10,1:00,,,
303 ,MBN,특종세상,2024.7.11,목,643 ,2.893%,7 ,교양,NULL,21:10,22:10,1:00,,,
304 ,MBN,특종세상,2024.7.4,목,642 ,2.466%,9 ,교양,NULL,21:10,22:10,1:00,,,
305 ,MBN,특종세상,2024.6.27,목,641 ,2.163%,13 ,교양,NULL,21:10,22:10,1:00,,,
306 ,MBN,특종세상,2024.6.20,목,640 ,2.866%,6 ,교양,NULL,21:10,22:10,1:00,,,
307 ,MBN,특종세상,2024.6.13,목,639 ,2.206%,9 ,교양,NULL,21:10,22:10,1:00,,,
308 ,MBN,특종세상,2024.6.6,목,638 ,2.867%,2 ,교양,NULL,21:10,22:10,1:00,,,
309 ,MBN,천기누설,2024.8.30,금,636 ,0.850%,29 ,기타,9 ,20:10,20:55,0:45,,,
310 ,MBN,천기누설,2024.8.23,금,635 ,0.664%,37 ,기타,13 ,20:10,20:55,0:45,,,
311 ,MBN,천기누설,2024.8.16,금,634 ,1.029%,27 ,기타,10 ,20:10,20:55,0:45,,,
312 ,MBN,천기누설,2024.8.9,금,633 ,1.170%,24 ,기타,6 ,20:10,20:55,0:45,,,
313 ,MBN,천기누설,2024.8.2,금,632 ,1.243%,19 ,기타,5 ,20:10,20:55,0:45,,,
314 ,MBN,천기누설,2024.7.26,금,631 ,0.820%,29 ,기타,10 ,20:10,20:55,0:45,,,
315 ,MBN,천기누설,2024.7.19,금,630 ,1.007%,27 ,기타,8 ,20:10,20:55,0:45,,,
316 ,MBN,천기누설,2024.7.12,금,629 ,0.824%,32 ,기타,11 ,20:10,20:55,0:45,,,
317 ,MBN,천기누설,2024.7.5,금,628 ,0.723%,35 ,기타,13 ,20:10,20:55,0:45,,,
318 ,MBN,천기누설,2024.6.28,금,627 ,1.015%,29 ,기타,9 ,20:10,20:55,0:45,,,
319 ,MBN,천기누설,2024.6.21,금,626 ,0.631%,39 ,기타,11 ,20:10,20:55,0:45,,,
320 ,MBN,천기누설,2024.6.14,금,625 ,0.950%,27 ,기타,8 ,20:10,20:55,0:45,,,
321 ,MBN,천기누설,2024.6.7,금,624 ,0.922%,26 ,기타,8 ,20:10,20:55,0:45,,,
322 ,MBN,나쁜 기억 지우개,2024.8.31,토,10 ,0.307%,53 ,드라마,7 ,21:40,22:40,1:00,,,
323 ,MBN,나쁜 기억 지우개,2024.8.30,금,9 ,0.272%,62 ,드라마,3 ,21:40,22:40,1:00,,,
324 ,MBN,나쁜 기억 지우개,2024.8.24,토,8 ,0.409%,47 ,드라마,7 ,21:40,22:40,1:00,,,
325 ,MBN,나쁜 기억 지우개,2024.8.23,금,7 ,0.418%,48 ,드라마,1 ,21:40,22:40,1:00,,,
326 ,MBN,나쁜 기억 지우개,2024.8.17,토,6 ,0.732%,35 ,드라마,4 ,21:40,22:40,1:00,,,
327 ,MBN,나쁜 기억 지우개,2024.8.16,금,5 ,0.526%,43 ,드라마,1 ,21:40,22:40,1:00,,,
328 ,MBN,나쁜 기억 지우개,2024.8.10,토,4 ,1.543%,10 ,드라마,2 ,21:40,22:40,1:00,,,
329 ,MBN,나쁜 기억 지우개,2024.8.9,금,3 ,1.669%,19 ,드라마,1 ,21:40,22:40,1:00,,,
330 ,MBN,나쁜 기억 지우개,2024.8.3,토,2 ,1.053%,21 ,드라마,3 ,21:40,22:40,1:00,,,
331 ,MBN,나쁜 기억 지우개,2024.8.2,금,1 ,1.047%,25 ,드라마,1 ,21:40,22:40,1:00,,,
332 ,MBN,휴먼다큐 사노라면,2024.9.1,일,652 ,1.652%,10 ,교양,NULL,20:20,21:20,1:00,,,
333 ,MBN,휴먼다큐 사노라면,2024.8.25,일,651 ,1.681%,10 ,교양,NULL,20:20,21:20,1:00,,,
334 ,MBN,휴먼다큐 사노라면,2024.8.18,일,650 ,1.499%,11 ,교양,NULL,20:20,21:20,1:00,,,
335 ,MBN,휴먼다큐 사노라면,2024.8.11,일,649 ,2.894%,2 ,교양,NULL,20:20,21:20,1:00,,,
336 ,MBN,휴먼다큐 사노라면,2024.8.4,일,648 ,2.005%,6 ,교양,NULL,20:20,21:20,1:00,,,
337 ,MBN,휴먼다큐 사노라면,2024.7.28,일,647 ,2.850%,2 ,교양,NULL,20:20,21:20,1:00,,,
338 ,MBN,휴먼다큐 사노라면,2024.7.21,일,646 ,1.616%,9 ,교양,NULL,20:20,21:20,1:00,,,
339 ,MBN,휴먼다큐 사노라면,2024.7.14,일,645 ,1.482%,14 ,교양,NULL,20:20,21:20,1:00,,,
340 ,MBN,휴먼다큐 사노라면,2024.7.7,일,644 ,2.036%,6 ,교양,NULL,20:20,21:20,1:00,,,
341 ,MBN,휴먼다큐 사노라면,2024.6.30,일,643 ,2.257%,5 ,교양,NULL,20:20,21:20,1:00,,,
342 ,MBN,휴먼다큐 사노라면,2024.6.23,일,642 ,1.629%,9 ,교양,NULL,20:20,21:20,1:00,,,
343 ,MBN,휴먼다큐 사노라면,2024.6.16,일,641 ,1.829%,8 ,교양,NULL,20:20,21:20,1:00,,,
344 ,MBN,휴먼다큐 사노라면,2024.6.9,일,640 ,1.943%,7 ,교양,NULL,20:20,21:20,1:00,,,
345 ,MBN,한 번쯤 이혼할 결심,2024.9.1,일,8 ,2.153%,5 ,예능,3 ,22:00,0:00,2:00,,,
346 ,MBN,한 번쯤 이혼할 결심,2024.8.25,일,7 ,2.442%,4 ,예능,2 ,22:00,0:00,2:00,,,
347 ,MBN,한 번쯤 이혼할 결심,2024.8.18,일,6 ,2.615%,4 ,예능,2 ,22:00,0:00,2:00,,,
348 ,TV조선,다시 사는 이야기 기사회생,2024.8.26,월,80 ,0.611%,34 ,교양,NULL,20:00,20:45,0:45,,,
349 ,TV조선,다시 사는 이야기 기사회생,2024.8.19,월,79 ,0.217%,57 ,교양,NULL,20:00,20:45,0:45,,,
350 ,TV조선,다시 사는 이야기 기사회생,2024.8.12,월,78 ,0.731%,36 ,교양,NULL,20:00,20:45,0:45,,,
351 ,TV조선,다시 사는 이야기 기사회생,2024.8.5,월,77 ,0.721%,41 ,교양,NULL,20:00,20:45,0:45,,,
352 ,TV조선,다시 사는 이야기 기사회생,2024.7.29,월,76 ,0.585%,38 ,교양,NULL,20:00,20:45,0:45,,,
353 ,TV조선,다시 사는 이야기 기사회생,2024.7.22,월,75 ,0.483%,48 ,교양,NULL,20:00,20:45,0:45,,,
354 ,TV조선,다시 사는 이야기 기사회생,2024.7.15,월,74 ,0.491%,45 ,교양,NULL,20:00,20:45,0:45,,,
355 ,TV조선,다시 사는 이야기 기사회생,2024.7.8,월,73 ,0.459%,50 ,교양,NULL,20:00,20:45,0:45,,,
356 ,TV조선,다시 사는 이야기 기사회생,2024.7.1,월,72 ,0.583%,42 ,교양,NULL,20:00,20:45,0:45,,,
357 ,TV조선,다시 사는 이야기 기사회생,2024.6.24,월,71 ,0.392%,49 ,교양,NULL,20:00,20:45,0:45,,,
358 ,TV조선,다시 사는 이야기 기사회생,2024.6.17,월,70 ,0.655%,35 ,교양,NULL,20:00,20:45,0:45,,,
359 ,TV조선,다시 사는 이야기 기사회생,2024.6.10,월,69 ,0.455%,46 ,교양,NULL,20:00,20:45,0:45,,,
360 ,TV조선,다시 사는 이야기 기사회생,2024.6.3,월,68 ,0.385%,44 ,교양,NULL,20:00,20:45,0:45,,,
361 ,TV조선,조선의 사랑꾼,2024.8.26,월,56 ,4.637%,1 ,예능,1 ,22:00,23:40,1:40,,,
362 ,TV조선,조선의 사랑꾼,2024.8.19,월,55 ,4.073%,1 ,예능,1 ,22:00,23:40,1:40,,,
363 ,TV조선,조선의 사랑꾼,2024.8.12,월,54 ,4.369%,1 ,예능,1 ,22:00,23:40,1:40,,,
364 ,TV조선,조선의 사랑꾼,2024.8.5,월,53 ,3.351%,3 ,예능,1 ,22:00,23:40,1:40,,,
365 ,TV조선,조선의 사랑꾼,2024.7.22,월,52 ,4.977%,3 ,예능,1 ,22:00,23:40,1:40,,,
366 ,TV조선,조선의 사랑꾼,2024.7.15,월,51 ,4.209%,1 ,예능,1 ,22:00,23:40,1:40,,,
367 ,TV조선,조선의 사랑꾼,2024.7.8,월,50 ,4.238%,1 ,예능,1 ,22:00,23:40,1:40,,,
368 ,TV조선,조선의 사랑꾼,2024.7.1,월,49 ,3.770%,1 ,예능,1 ,22:00,23:40,1:40,,,
369 ,TV조선,조선의 사랑꾼,2024.6.24,월,48 ,3.624%,1 ,예능,1 ,22:00,23:40,1:40,,,
370 ,TV조선,조선의 사랑꾼,2024.6.17,월,47 ,4.181%,1 ,예능,1 ,22:00,23:40,1:40,,,
371 ,TV조선,조선의 사랑꾼,2024.6.10,월,46 ,2.469%,7 ,예능,5 ,22:00,23:40,1:40,,,
372 ,TV조선,조선의 사랑꾼,2024.6.3,월,45 ,2.665%,7 ,예능,4 ,22:00,23:40,1:40,,,
373 ,TV조선,건강한 집 시즌2,2024.8.27,화,32 ,0.528%,45 ,교양,NULL,20:00,20:45,0:45,,,
374 ,TV조선,건강한 집 시즌2,2024.8.20,화,31 ,0.627%,36 ,교양,NULL,20:00,20:45,0:45,,,
375 ,TV조선,건강한 집 시즌2,2024.8.13,화,30 ,0.040%,57 ,교양,NULL,20:00,20:45,0:45,,,
376 ,TV조선,건강한 집 시즌2,2024.8.6,화,29 ,0.574%,42 ,교양,NULL,20:00,20:45,0:45,,,
377 ,TV조선,건강한 집 시즌2,2024.7.30,화,28 ,0.675%,39 ,교양,NULL,20:00,20:45,0:45,,,
378 ,TV조선,건강한 집 시즌2,2024.7.23,화,27 ,0.379%,51 ,교양,NULL,20:00,20:45,0:45,,,
379 ,TV조선,건강한 집 시즌2,2024.7.16,화,26 ,0.615%,41 ,교양,NULL,20:00,20:45,0:45,,,
380 ,TV조선,건강한 집 시즌2,2024.7.9,화,25 ,0.616%,40 ,교양,NULL,20:00,20:45,0:45,,,
381 ,TV조선,건강한 집 시즌2,2024.7.2,화,24 ,0.415%,51 ,교양,NULL,20:00,20:45,0:45,,,
382 ,TV조선,건강한 집 시즌2,2024.6.25,화,23 ,0.649%,37 ,교양,NULL,20:00,20:45,0:45,,,
383 ,TV조선,건강한 집 시즌2,2024.6.18,화,22 ,0.429%,47 ,교양,NULL,20:00,20:45,0:45,,,
384 ,TV조선,건강한 집 시즌2,2024.6.4,화,21 ,0.510%,43 ,교양,NULL,20:00,20:45,0:45,,,
385 ,TV조선,공개연애 여배우의 사생활,2024.8.27,화,2 ,1.851%,11 ,예능,4 ,22:00,23:40,1:40,,,
386 ,TV조선,공개연애 여배우의 사생활,2024.8.20,화,1 ,2.502%,9 ,예능,4 ,22:00,23:40,1:40,,,
387 ,TV조선,퍼펙트 라이프,2024.8.28,수,204 ,0.683%,26 ,교양,NULL,20:00,20:45,0:45,,,
388 ,TV조선,퍼펙트 라이프,2024.8.21,수,203 ,0.381%,46 ,교양,NULL,20:00,20:45,0:45,,,
389 ,TV조선,퍼펙트 라이프,2024.8.14,수,202 ,0.616%,40 ,교양,NULL,20:00,20:45,0:45,,,
390 ,TV조선,퍼펙트 라이프,2024.8.7,수,201 ,0.894%,27 ,교양,NULL,20:00,20:45,0:45,,,
391 ,TV조선,퍼펙트 라이프,2024.7.31,수,200 ,1.437%,19 ,교양,NULL,20:00,20:45,0:45,,,
392 ,TV조선,퍼펙트 라이프,2024.7.24,수,199 ,0.574%,40 ,교양,NULL,20:00,20:45,0:45,,,
393 ,TV조선,퍼펙트 라이프,2024.7.17,수,198 ,0.496%,44 ,교양,NULL,20:00,20:45,0:45,,,
394 ,TV조선,퍼펙트 라이프,2024.7.10,수,197 ,0.402%,44 ,교양,NULL,20:00,20:45,0:45,,,
395 ,TV조선,퍼펙트 라이프,2024.7.3,수,196 ,0.650%,36 ,교양,NULL,20:00,20:45,0:45,,,
396 ,TV조선,퍼펙트 라이프,2024.6.26,수,195 ,0.425%,47 ,교양,NULL,20:00,20:45,0:45,,,
397 ,TV조선,퍼펙트 라이프,2024.6.19,수,194 ,0.442%,46 ,교양,NULL,20:00,20:45,0:45,,,
398 ,TV조선,퍼펙트 라이프,2024.6.12,수,193 ,0.389%,48 ,교양,NULL,20:00,20:45,0:45,,,
399 ,TV조선,퍼펙트 라이프,2024.6.5,수,192 ,0.522%,39 ,교양,NULL,20:00,20:45,0:45,,,
400 ,TV조선,아빠하고 나하고,2024.8.28,수,37 ,4.509%,1 ,예능,1 ,22:00,0:00,2:00,,,
401 ,TV조선,아빠하고 나하고,2024.8.21,수,36 ,4.011%,1 ,예능,1 ,22:00,0:00,2:00,,,
402 ,TV조선,아빠하고 나하고,2024.8.14,수,35 ,3.061%,1 ,예능,1 ,22:00,0:00,2:00,,,
403 ,TV조선,아빠하고 나하고,2024.8.7,수,34 ,3.053%,3 ,예능,1 ,22:00,0:00,2:00,,,
404 ,TV조선,아빠하고 나하고,2024.7.31,수,33 ,3.992%,1 ,예능,1 ,22:00,0:00,2:00,,,
405 ,TV조선,아빠하고 나하고,2024.7.24,수,32 ,3.948%,1 ,예능,1 ,22:00,0:00,2:00,,,
406 ,TV조선,아빠하고 나하고,2024.7.17,수,31 ,4.132%,1 ,예능,1 ,22:00,0:00,2:00,,,
407 ,TV조선,아빠하고 나하고,2024.7.10,수,30 ,4.117%,1 ,예능,1 ,22:00,0:00,2:00,,,
408 ,TV조선,아빠하고 나하고,2024.7.3,수,29 ,2.407%,7 ,예능,3 ,22:00,0:00,2:00,,,
409 ,TV조선,아빠하고 나하고,2024.6.26,수,28 ,3.703%,1 ,예능,1 ,22:00,0:00,2:00,,,
410 ,TV조선,아빠하고 나하고,2024.6.19,수,27 ,3.535%,1 ,예능,1 ,22:00,0:00,2:00,,,
411 ,TV조선,아빠하고 나하고,2024.6.12,수,26 ,3.688%,1 ,예능,1 ,22:00,0:00,2:00,,,
412 ,TV조선,미스쓰리랑,2024.8.29,목,18 ,3.862%,1 ,예능,1 ,22:00,0:10,2:10,,,
413 ,TV조선,미스쓰리랑,2024.8.22,목,17 ,3.746%,1 ,예능,1 ,22:00,0:10,2:10,,,
414 ,TV조선,미스쓰리랑,2024.8.15,목,16 ,3.239%,1 ,예능,1 ,22:00,0:10,2:10,,,
415 ,TV조선,미스쓰리랑,2024.8.8,목,15 ,2.971%,4 ,예능,1 ,22:00,0:10,2:10,,,
416 ,TV조선,미스쓰리랑,2024.8.1,목,14 ,3.804%,1 ,예능,1 ,22:00,0:10,2:10,,,
417 ,TV조선,미스쓰리랑,2024.7.25,목,13 ,3.783%,1 ,예능,1 ,22:00,0:10,2:10,,,
418 ,TV조선,미스쓰리랑,2024.7.18,목,12 ,4.270%,1 ,예능,1 ,22:00,0:10,2:10,,,
419 ,TV조선,미스쓰리랑,2024.7.11,목,11 ,4.803%,1 ,예능,1 ,22:00,0:10,2:10,,,
420 ,TV조선,미스쓰리랑,2024.7.4,목,10 ,4.517%,1 ,예능,1 ,22:00,0:10,2:10,,,
421 ,TV조선,미스쓰리랑,2024.6.27,목,9 ,4.278%,1 ,예능,1 ,22:00,0:10,2:10,,,
422 ,TV조선,미스쓰리랑,2024.6.20,목,8 ,4.624%,1 ,예능,1 ,22:00,0:10,2:10,,,
423 ,TV조선,미스쓰리랑,2024.6.13,목,7 ,5.037%,1 ,예능,1 ,22:00,0:10,2:10,,,
424 ,TV조선,역전의 가족,2024.8.30,금,22 ,0.506%,40 ,기타,17 ,20:00,20:45,0:45,,,
425 ,TV조선,역전의 가족,2024.8.23,금,21 ,0.386%,49 ,기타,20 ,20:00,20:45,0:45,,,
426 ,TV조선,역전의 가족,2024.8.2,금,20 ,0.850%,30 ,기타,10 ,20:00,20:45,0:45,,,
427 ,TV조선,역전의 가족,2024.7.26,금,19 ,0.577%,40 ,기타,14 ,20:00,20:45,0:45,,,
428 ,TV조선,역전의 가족,2024.7.19,금,18 ,0.407%,47 ,기타,20 ,20:00,20:45,0:45,,,
429 ,TV조선,역전의 가족,2024.7.12,금,17 ,0.425%,46 ,기타,18 ,20:00,20:45,0:45,,,
430 ,TV조선,역전의 가족,2024.7.5,금,16 ,0.599%,41 ,기타,17 ,20:00,20:45,0:45,,,
431 ,TV조선,역전의 가족,2024.6.28,금,15 ,0.297%,62 ,기타,24 ,20:00,20:45,0:45,,,
432 ,TV조선,역전의 가족,2024.6.21,금,14 ,0.542%,45 ,기타,15 ,20:00,20:45,0:45,,,
433 ,TV조선,역전의 가족,2024.6.14,금,13 ,0.520%,40 ,기타,15 ,20:00,20:45,0:45,,,
434 ,TV조선,역전의 가족,2024.6.7,금,12 ,0.507%,39 ,기타,15 ,20:00,20:45,0:45,,,
435 ,TV조선,미스터 로또,2024.8.30,금,64 ,3.514%,1 ,예능,1 ,22:00,23:50,1:50,,,
436 ,TV조선,미스터 로또,2024.8.23,금,63 ,3.776%,1 ,예능,1 ,22:00,23:50,1:50,,,
437 ,TV조선,미스터 로또,2024.8.16,금,62 ,3.465%,1 ,예능,1 ,22:00,23:50,1:50,,,
438 ,TV조선,미스터 로또,2024.8.9,금,61 ,3.207%,2 ,예능,1 ,22:00,23:50,1:50,,,
439 ,TV조선,미스터 로또,2024.8.2,금,60 ,3.050%,2 ,예능,1 ,22:00,23:50,1:50,,,
440 ,TV조선,미스터 로또,2024.7.26,금,59 ,3.498%,1 ,예능,1 ,22:00,23:50,1:50,,,
441 ,TV조선,미스터 로또,2024.7.19,금,58 ,3.831%,1 ,예능,1 ,22:00,23:50,1:50,,,
442 ,TV조선,미스터 로또,2024.7.12,금,57 ,4.273%,1 ,예능,1 ,22:00,23:50,1:50,,,
443 ,TV조선,미스터 로또,2024.7.5,금,56 ,4.533%,1 ,예능,1 ,22:00,23:50,1:50,,,
444 ,TV조선,미스터 로또,2024.6.28,금,55 ,3.722%,1 ,예능,1 ,22:00,23:50,1:50,,,
445 ,TV조선,미스터 로또,2024.6.21,금,54 ,4.124%,1 ,예능,1 ,22:00,23:50,1:50,,,
446 ,TV조선,미스터 로또,2024.6.14,금,53 ,4.429%,1 ,예능,1 ,22:00,23:50,1:50,,,
447 ,TV조선,미스터 로또,2024.6.7,금,52 ,4.023%,1 ,예능,1 ,22:00,23:50,1:50,,,
448 ,TV조선,산따라 물따라 딴따라,2024.8.31,토,14 ,0.881%,22 ,예능,11 ,19:50,20:50,1:00,,,
449 ,TV조선,산따라 물따라 딴따라,2024.8.24,토,13 ,0.523%,40 ,예능,20 ,19:50,20:50,1:00,,,
450 ,TV조선,산따라 물따라 딴따라,2024.8.17,토,12 ,0.647%,39 ,예능,22 ,19:50,20:50,1:00,,,
451 ,TV조선,산따라 물따라 딴따라,2024.8.10,토,11 ,0.687%,33 ,예능,19 ,19:50,20:50,1:00,,,
452 ,TV조선,산따라 물따라 딴따라,2024.8.3,토,10 ,0.956%,24 ,예능,14 ,19:50,20:50,1:00,,,
453 ,TV조선,산따라 물따라 딴따라,2024.7.27,토,9 ,1.739%,13 ,예능,10 ,19:50,20:50,1:00,,,
454 ,TV조선,산따라 물따라 딴따라,2024.7.20,토,8 ,1.132%,19 ,예능,11 ,19:50,20:50,1:00,,,
455 ,TV조선,산따라 물따라 딴따라,2024.7.13,토,7 ,0.718%,33 ,예능,20 ,19:50,20:50,1:00,,,
456 ,TV조선,산따라 물따라 딴따라,2024.7.6,토,6 ,1.290%,18 ,예능,9 ,19:50,20:50,1:00,,,
457 ,TV조선,산따라 물따라 딴따라,2024.6.29,토,5 ,1.241%,18 ,예능,9 ,19:50,20:50,1:00,,,
458 ,TV조선,산따라 물따라 딴따라,2024.6.22,토,4 ,1.130%,22 ,예능,11 ,19:50,20:50,1:00,,,
459 ,TV조선,산따라 물따라 딴따라,2024.6.15,토,3 ,1.394%,12 ,예능,6 ,19:50,20:50,1:00,,,
460 ,TV조선,산따라 물따라 딴따라,2024.6.8,토,2 ,1.588%,10 ,예능,4 ,19:50,20:50,1:00,,,
461 ,TV조선,DNA 러버,2024.9.1,일,6 ,0.578%,42 ,드라마,5 ,21:10,22:10,1:00,,,
462 ,TV조선,DNA 러버,2024.8.25,일,4 ,0.627%,33 ,드라마,2 ,21:10,22:10,1:00,,,
463 ,TV조선,DNA 러버,2024.8.24,토,3 ,0.757%,35 ,드라마,6 ,21:10,22:10,1:00,,,
464 ,TV조선,DNA 러버,2024.8.29,목,3 ,0.776%,27 ,드라마,2 ,21:10,22:10,1:00,,,
465 ,TV조선,DNA 러버,2024.8.18,일,2 ,0.620%,42 ,드라마,6 ,21:10,22:10,1:00,,,
466 ,TV조선,DNA 러버,2024.8.17,토,1 ,1.132%,17 ,드라마,2 ,21:10,22:10,1:00,,,
467 ,TV조선,식객 허영만의 백반기행,2024.9.1,일,261 ,1.236%,18 ,교양,NULL,19:50,20:50,1:00,,,
468 ,TV조선,식객 허영만의 백반기행,2024.8.18,일,260 ,0.757%,36 ,교양,NULL,19:50,20:50,1:00,,,
469 ,TV조선,식객 허영만의 백반기행,2024.8.11,일,259 ,1.071%,28 ,교양,NULL,19:50,20:50,1:00,,,
470 ,TV조선,식객 허영만의 백반기행,2024.8.4,일,258 ,1.250%,21 ,교양,NULL,19:50,20:50,1:00,,,
471 ,TV조선,식객 허영만의 백반기행,2024.7.21,일,257 ,1.020%,29 ,교양,NULL,19:50,20:50,1:00,,,
472 ,TV조선,식객 허영만의 백반기행,2024.7.14,일,256 ,1.201%,21 ,교양,NULL,19:50,20:50,1:00,,,
473 ,TV조선,식객 허영만의 백반기행,2024.7.7,일,255 ,1.096%,26 ,교양,NULL,19:50,20:50,1:00,,,
474 ,TV조선,식객 허영만의 백반기행,2024.6.30,일,254 ,1.268%,22 ,교양,NULL,19:50,20:50,1:00,,,
475 ,TV조선,식객 허영만의 백반기행,2024.6.23,일,253 ,1.052%,23 ,교양,NULL,19:50,20:50,1:00,,,
476 ,TV조선,식객 허영만의 백반기행,2024.6.16,일,252 ,1.009%,25 ,교양,NULL,19:50,20:50,1:00,,,
477 ,TV조선,식객 허영만의 백반기행,2024.6.9,일,251 ,1.280%,20 ,교양,NULL,19:50,20:50,1:00,,,